InvoiceNo,ProdID,CustomerID
5725,6256,403-58-3236
4166,6256,327-35-1745
2236,6256,453-97-7767
3141,6256,837-20-6081
5991,6256,638-61-2670
9338,6256,778-25-5244
3994,69,898-58-2224
8380,69,388-36-9149
1003,69,708-33-4014
2290,69,675-34-3520
2890,8123,192-37-7603
7972,318,814-82-9027
2360,318,794-91-7301
4575,318,227-88-6557
7011,318,347-71-7484
6664,318,452-39-8359
6107,318,497-96-5153
4517,318,396-10-6852
3901,44221,573-41-2556
7901,6955,628-58-3153
6555,489,673-82-0535
9700,204,324-81-7261
1956,5373,481-92-9819
1610,5373,671-49-8074
5660,5373,311-72-3390
6642,5373,121-97-1579
6252,5373,673-41-5361
8870,5373,547-68-8122
5825,21,382-57-3773
8307,494,478-45-3592
6764,5373,312-24-9100
1555,14854,269-88-3076
5793,218,852-68-9525
7813,81716,542-80-6085
1904,4001,540-01-1102
5650,488,634-24-2449
6908,87842,515-85-4019
1598,3279,669-34-5733
5619,625,421-59-5510
7142,86,746-35-8155
9000,5607,515-89-9313
3700,22,367-69-0207
6370,50,519-94-7385
3532,89,351-19-7170
3245,67465,539-55-4846
9374,5101,461-89-2577
6999,389,764-21-8453
7627,597,145-37-5144
3968,195,182-95-7993
2484,44,306-91-5827
4487,199,132-96-6308
9488,3318,144-67-8956
1858,78042,569-39-9534
1228,656,119-50-2166
7657,844,344-10-2691
1600,7274,673-86-2541
3725,99,760-13-0412
8179,78268,694-22-5861
8806,421,599-08-8468
4407,604,790-99-3981
2296,9671,215-57-9209
3111,2831,256-32-3215
3668,25604,817-88-1583
5781,49,864-07-3574
8685,12,789-73-0575
7723,131,600-97-3730
6807,148,340-42-7669
8222,3748,716-56-4315
9268,7507,884-02-7172
1135,B0009N5L7K,544-16-0705
8569,B000SKTZ0S,229-03-2504
9729,B001AO4OUC,263-86-9105
6200,B001DCJAJG,271-95-7646
8621,B001GQ3DJM,162-24-7451
6703,B0029F2O3A,431-77-7503
2869,B002AS9WEA,148-43-3925
2172,B002UHS0UI,365-58-5916
8413,B002WTC1NG,683-21-8564
9622,B0033SFV5A,208-28-0969
3599,B003FCO9XE,281-81-4250
1284,B003P2VNAQ,350-48-3082
3167,B003W646YK,727-74-0099
8194,B003XREZ4O,882-28-8183
9805,B0046REOWS,660-09-3635
6995,B004C7NVD0,878-05-3312
4251,B004GLQTG8,604-80-8038
4980,B004H23JXW,719-51-5566
1706,B004MK9VLS,710-14-4044
3471,B004YBP8EY,295-80-4396
1005,B005B3OXWC,445-49-7486
7142,B006OU39QW,122-47-8303
9457,B006VH79R8,649-82-8657
7609,B00727AODC,850-35-7495
5722,B007LU0HU0,557-10-9728
3391,B007X6FFLS,740-59-8646
9231,B0081TDISI,550-29-8798
1849,B00836Y6B2,352-38-1409
9578,B008PAW5EQ,701-53-9295
5784,B0096DERAG,735-16-5901
4121,B0096QYH80,451-37-3578
4310,B009LRMQTG,818-51-9856
2677,B00A2V7BA4,308-75-9908
4205,B00A2V7ULY,166-55-8306
3089,B00A408AF8,346-07-4930
5668,B00A7F57EM,640-80-9522
2876,B00A7F5M9W,146-75-3974
1940,B00ACZ0DUA,464-46-6639
5159,B00B5081MI,797-27-4970
7736,B00BV1MVJ0,480-21-8963
7560,B00CEKXJ3Y,806-02-1949
5511,B00CEKXZA6,596-34-9452
5088,B00CGIULGC,897-60-6662
5883,B00CQAODG4,364-29-2963
7687,B00CS2ZWKQ,566-06-0163
2836,B00D35Z6OE,341-60-2027
9853,B00D99ZBR6,236-53-0581
4387,B00E45043A,526-66-6011
9227,B00E6FGSHY,207-90-1582
6948,B00E8TGT1S,509-97-5942
3771,B00EP2BN00,879-54-3991
1373,B00F1HVZ0Q,134-49-5498
4465,B00F2SKPIM,679-95-2974
9689,B00F3JPKCG,689-72-6071
2560,B00F9RRVUG,294-47-1048
7452,B00FTV382C,139-20-1637
2799,B00G9G0HTI,213-60-2720
2592,B00HE5834Y,358-59-8922
9652,B00HPP3QD6,563-87-8831
4651,B00HWEMZ1E,590-53-6457
2673,B00I2KY5TM,198-56-2012
5794,B00IZ1X21K,248-21-8273
2741,B00JEHJMG8,257-76-2266
7120,B00JH2WF0K,222-40-3441
9706,B00JH2WPO6,576-23-3240
3562,B00JS73V2U,799-34-0453
7185,B00JYR6GGM,853-38-8279
9610,B00K0NS0P4,105-31-2872
3486,B00KM10ITK,713-09-1506
1828,B00LAEA84S,724-08-1763
1650,B00LIYEMTC,848-68-4181
6745,B00MWI4HW0,678-82-2526
5594,B00MWI4KKE,313-33-3281
2258,B00N532A34,698-57-7040
9940,B00N532DU4,348-49-7778
2730,B00NKR9MJA,410-47-4113
8808,B00NKRE7MW,831-29-9719
1885,B00NO2WXM4,549-22-0926
6508,B00O15MWOM,176-32-6604
7255,B00O2ALRNS,315-84-9777
6946,B00O2SW2IY,625-05-6786
9251,B00OEK6TWU,434-61-1702
5293,B00OZTSY6Y,109-52-1407
2201,B00PLBFPAS,849-85-8069
2474,B00QFZOYFG,431-22-8110
5360,B00QHJTOK0,726-01-9201
2687,B00SIB3HS0,475-87-5678
7522,B00TFAVFL4,147-26-6041
9019,B00TRLXO6U,313-79-8660
7337,B00V7FXCZ2,311-76-8308
5782,B00V7FY44A,165-17-5137
5796,B00V8STWY8,545-44-6749
2162,B00VH2TWBS,110-13-7595
6718,B00VQQ294C,263-21-9559
5607,B00WF988BW,298-14-9267
9927,B00WHE2WCG,457-77-1330
9349,B00WIYFBWI,876-16-2787
5766,B00X2ZQ5RM,817-43-7655
8081,B00XQVDW6Y,273-14-7231
1831,B00ZE8HRYK,256-60-1041
1924,B010CK8O9Q,385-72-7910
2031,B010V43VFA,555-39-3409
6794,B011AC4U7A,546-59-0691
4881,B0134TVNSQ,164-80-8678
3184,B013XAPUW6,789-81-3376
9619,B014GCG150,323-03-9240
3033,B014V5XDV2,185-85-2345
7529,B014VLTTC8,573-22-6549
9407,B015ROR4PC,891-89-0556
7352,B016WYTYFE,894-82-1878
2956,B0172EEAQQ,108-43-3176
2847,B018OMP8ES,808-77-5838
9898,B018TUJE9U,161-53-9771
9147,B0192XJ0P6,897-01-5654
8765,B019S654DO,802-04-3753
2405,B019TWO7DU,880-85-6593
2618,B019VHBB32,843-30-9370
8796,B01ATTBXY8,848-51-5278
3124,B01AUOS8BI,506-40-5147
3289,B01BG1MW5C,766-37-7476
5342,B01BHEBDVW,665-21-5499
9297,B01BLSX96G,132-10-2946
3025,B01CJ3SCJ6,885-48-4859
7415,B01CJ3SCN2,420-61-1208
6427,B01CJ3SF02,407-98-4448
1408,B01CN1RZY2,455-01-8503
7687,B01CP4CGBE,630-84-1886
9116,B01CP4CGSC,397-22-7343
6338,B01CU22RL0,828-70-1838
4687,B01CYYYRNK,876-53-0598
9637,B01D0JV7AO,178-38-4848
5741,B01D0JXCKW,403-58-3236
6566,B01D1J9BGU,327-35-1745
1577,B01D4Z97UG,453-97-7767
7927,B01D53A7KG,837-20-6081
3801,B01DL9TVW4,638-61-2670
1816,B01DUPOOMG,778-25-5244
5360,B01DZ2CS4U,898-58-2224
9192,B01DZJFWNC,388-36-9149
8957,B01DZJFWWS,708-33-4014
4977,B01E7FK14S,675-34-3520
3921,B01EIVMETG,192-37-7603
8576,B01EWKHIAI,814-82-9027
6484,B01F5FYXNO,794-91-7301
9133,B01FCFZS3G,227-88-6557
2735,B01FIW1B9S,347-71-7484
5260,B01FJT7E3M,452-39-8359
4811,B01FJT7MZC,497-96-5153
3500,B01FJT7N4W,396-10-6852
2649,B01GP2XIJQ,573-41-2556
1148,B01GXAT0CE,628-58-3153
4384,B01H93TCCM,673-82-0535
2342,B01HFJR6NW,324-81-7261
1969,B01HFK15BU,481-92-9819
1795,B01HFLRS38,671-49-8074
3506,B01HTZ4T8C,311-72-3390
4374,B01I0HP1Z8,121-97-1579
3767,B01I8V0MJQ,673-41-5361
2719,B01INV912A,547-68-8122
9117,B01J63O3KY,382-57-3773
4270,B01J63ODA4,478-45-3592
1375,B01JAWWVXW,312-24-9100
8705,B01K5R3GXK,269-88-3076
6332,B01K5RGPIS,852-68-9525
4417,B01L9D7J00,542-80-6085
7834,B01LEL8ABY,540-01-1102
1307,B01LXF0WML,634-24-2449
5217,B01LY3OB8D,515-85-4019
3654,B01LYHIUQ7,669-34-5733
8597,B01LZXT34U,421-59-5510
6400,B01M01YX15,746-35-8155
8925,B01M0PADR4,515-89-9313
6134,B01M1CT4PT,367-69-0207
8284,B01M1HY1E3,519-94-7385
7882,B01M59QP6C,351-19-7170
9453,B01M6X8SDM,539-55-4846
9418,B01MDMJGYT,461-89-2577
7405,B01MSC0FK8,764-21-8453
4894,B01MY2FEAS,145-37-5144
8894,B01MZG55UE,182-95-7993
6823,B01N064CH1,306-91-5827
9344,B01N0O2MFZ,132-96-6308
2021,B01N1Q6V7K,144-67-8956
1405,B01N2HPFWK,569-39-9534
3702,B01N37MPDI,119-50-2166
7839,B01N4E0RF1,344-10-2691
1273,B01N4IHGHI,673-86-2541
6227,B01N4R20RS,760-13-0412
6266,B01N5BOBIF,694-22-5861
6712,B01N5WQ2P4,599-08-8468
1036,B01N9I0RWL,790-99-3981
3529,B01N9R1JA7,215-57-9209
9519,B01N9TM7KG,256-32-3215
2813,B01N9XOXCK,817-88-1583
4446,B01N9YO1DS,864-07-3574
2352,B01NB1KG8U,789-73-0575
3199,B01NC157KR,600-97-3730
2217,B01NC2MEJP,340-42-7669
5155,B06WP78R6X,716-56-4315
6827,B06WRSK754,884-02-7172
1980,B06WWLYGWW,544-16-0705
7796,B06X9HVVC5,229-03-2504
6603,B06X9X15Y8,263-86-9105
8860,B06XGLHP8V,271-95-7646
1356,B06XGZHSBS,162-24-7451
3405,B06XJCHZPW,431-77-7503
3417,B06XR1K6HR,148-43-3925
8546,B06XR8G1TX,365-58-5916
5954,B06XRG6S73,683-21-8564
4263,B06XRJXL3R,208-28-0969
1125,B06XRN4RWL,281-81-4250
1080,B06XS2GWFC,350-48-3082
7495,B06XS3CTJM,727-74-0099
8515,B06XS4978K,882-28-8183
5172,B06XS98LMS,660-09-3635
9969,B06XSF5C42,878-05-3312
6901,B06XW9RMYW,604-80-8038
6013,B06XY93RFQ,719-51-5566
4115,B06XYKR7GP,710-14-4044
6665,B06XYMCMHD,295-80-4396
1226,B06XZPNYL7,445-49-7486
4667,B06XZRH5ZC,122-47-8303
9987,B06XZWNRC5,649-82-8657
9850,B06Y14K2C6,850-35-7495
9931,B06Y14T5YW,557-10-9728
5386,B06Y15CB1T,740-59-8646
8814,B06Y15D68F,550-29-8798
4445,B06Y16RL4W,352-38-1409
6203,B06Y17BL9Y,701-53-9295
7998,B06Y189H68,735-16-5901
5113,B06Y18MNFG,451-37-3578
2982,B06Y29N548,818-51-9856
3326,B06Y2GX8K8,308-75-9908
1596,B06Y3HCFZT,166-55-8306
8761,B06ZZMX54B,346-07-4930
4898,B0711S4T9J,640-80-9522
1248,B0714DBSNH,146-75-3974
2285,B071DQ128D,464-46-6639
7114,B071H9KKKF,797-27-4970
5978,B071JP8XDJ,480-21-8963
1452,B071JPQYGK,806-02-1949
8179,B071KGTRG8,596-34-9452
4632,B071VGLCRX,897-60-6662
8614,B071VTYHDQ,364-29-2963
3633,B071W9WQ8M,566-06-0163
7352,B071XBH5PL,341-60-2027
2554,B071ZDQ6MV,236-53-0581
4971,B0721KVTMC,526-66-6011
2786,B0722NN2RG,207-90-1582
4473,B0723HG35R,509-97-5942
6607,B0723HG3FG,879-54-3991
2634,B0724ZGB5K,134-49-5498
3654,B072B7XSVT,679-95-2974
7463,B072KPG9PN,689-72-6071
7953,B072MQRRTR,294-47-1048
9346,B072N3GKSM,139-20-1637
9931,B072QR6NKG,213-60-2720
3385,B072R77NG5,358-59-8922
1835,B072V2BNM6,563-87-8831
5461,B072ZWCKP5,590-53-6457
8476,B0731HBTZ7,198-56-2012
6091,B0731KVYPN,248-21-8273
2685,B0732NTJ2M,257-76-2266
1551,B0735HPCB1,222-40-3441
6836,B0743HD6MS,576-23-3240
9778,B0743J3P8G,799-34-0453
8850,B0743N1S93,853-38-8279
7301,B07455VT9F,105-31-2872
5455,B074MJ3Y7L,713-09-1506
6616,B074MJDYZM,724-08-1763
8783,B074N8N1V4,848-68-4181
5425,B074P62MW8,678-82-2526
1767,B074PYHP6Q,313-33-3281
6453,B074VDZZKW,698-57-7040
2896,B074VFCXB3,348-49-7778
6338,B074VFRKZG,410-47-4113
2131,B074XF6JCD,831-29-9719
4439,B0751KLN39,549-22-0926
7887,B07536MYBQ,176-32-6604
6344,B0753QKW5L,315-84-9777
4219,B07579T83L,625-05-6786
1200,B0757LYR7P,434-61-1702
8394,B075FL4H89,109-52-1407
8103,B075FLG6MV,849-85-8069
7837,B075H3VWGN,431-22-8110
9362,B075QRTVNC,726-01-9201
1004,B075SKYZXY,475-87-5678
7937,B075SPVK8D,147-26-6041
1696,B075Z4NBZC,313-79-8660
5285,B075ZD2WFN,311-76-8308
3216,B075ZDV79Y,165-17-5137
2937,B075ZGJMQY,545-44-6749
1911,B075ZHJ1SK,110-13-7595
6693,B075ZHWDN2,263-21-9559
2951,B07643YNY8,298-14-9267
4717,B0764K8Z1H,457-77-1330
8073,B0766HPGYP,876-16-2787
2274,B0766NJPBN,817-43-7655
4920,B0766TPHSH,273-14-7231
1982,B076BVNGZQ,256-60-1041
7123,B076BZ18GS,385-72-7910
9427,B076HVSJQR,555-39-3409
2851,B076KC34PM,546-59-0691
9734,B076M9RQJ2,164-80-8678
8372,B076MB4CYN,789-81-3376
1173,B076QKMQ81,323-03-9240
2849,B076XLLCQC,185-85-2345
3862,B07753NSQZ,573-22-6549
4566,B0775451TT,891-89-0556
9478,B07755LZ67,894-82-1878
9878,B07756QYST,108-43-3176
4516,B0775717ZP,808-77-5838
3366,B077578VXH,161-53-9771
1856,B077578W38,897-01-5654
5513,B0775H5HJW,802-04-3753
4334,B0776ZJ1C3,880-85-6593
5016,B0777V5BRJ,843-30-9370
5557,B077BL94N3,848-51-5278
3577,B077J7H62P,506-40-5147
9943,B077MR13HM,766-37-7476
4266,B077NJQPGB,665-21-5499
9413,B077NK4TZ7,132-10-2946
5090,B077NTKFDB,885-48-4859
7843,B077T4MVZ6,420-61-1208
4499,B077V219SV,407-98-4448
5214,B077XM1GZM,455-01-8503
8640,B077YTCMH9,630-84-1886
8494,B077ZKKDWK,397-22-7343
5348,B077ZMWX1W,828-70-1838
7219,B0786PRKBP,876-53-0598
8409,B0787V183F,178-38-4848
3233,B0788F8DKC,403-58-3236
1038,B0788ZD69Z,327-35-1745
5108,B078BP86SC,453-97-7767
4045,B078HFZVZ8,837-20-6081
9975,B078HL31D8,638-61-2670
8285,B078KGP5K5,778-25-5244
1654,B078RBVVCV,898-58-2224
7557,B078SBFV72,388-36-9149
9609,B078WZ86Y9,708-33-4014
9056,B078YXQ38Z,675-34-3520
1446,B079142R7Y,192-37-7603
6405,B0791VS3N9,814-82-9027
5796,B07946VKT8,794-91-7301
7082,B0799QJKQ5,227-88-6557
1801,B0799ZMY6D,347-71-7484
7180,B079C1K282,452-39-8359
2392,B079C2Q6MH,497-96-5153
4135,B079H6RLKQ,396-10-6852
9687,B079HB518K,573-41-2556
4713,B079HG7TZS,628-58-3153
9981,B079J59FGT,673-82-0535
6326,B079K78C1Y,324-81-7261
6458,B079NM9SZL,481-92-9819
1223,B079NQHRPS,671-49-8074
1882,B079PS2HZM,311-72-3390
4898,B079RJWMZG,121-97-1579
3914,B079SQ5VHX,673-41-5361
1885,B079TZ8NKG,547-68-8122
8987,B079TZJF9F,382-57-3773
6474,B079TZVTNQ,478-45-3592
6292,B079X7DQ4Q,312-24-9100
6672,B07B82VTX5,269-88-3076
4497,B07B9638J2,852-68-9525
9677,B07BBQ56WS,542-80-6085
1912,B07BBT3VXM,540-01-1102
1553,B07BBZJ4G9,634-24-2449
7022,B07BFCZYRM,515-85-4019
7414,B07BFHTJTK,669-34-5733
1504,B07BFPDGNX,421-59-5510
8547,B07BH74WCW,746-35-8155
5834,B07BHT4KGM,515-89-9313
1811,B07BR995NC,367-69-0207
1331,B07BZXDZKN,519-94-7385
6371,B07C2VFMN2,351-19-7170
6649,B07C4W6KR9,539-55-4846
6582,B07C5X8Q3K,461-89-2577
4566,B07C61QBL7,764-21-8453
2811,B07C65MFKH,145-37-5144
6367,B07C65XFBB,182-95-7993
6686,B07C6FCC8G,306-91-5827
7031,B07C7KFZLB,132-96-6308
9838,B07C8H8G4L,144-67-8956
3791,B07CGMQDXW,569-39-9534
3312,B07CH2FZW5,119-50-2166
6431,B07CHW5KMY,344-10-2691
6479,B07CHWMYHP,673-86-2541
6209,B07CHWTWYP,760-13-0412
1571,B07CJKNL9R,694-22-5861
6760,B07CLT3BDN,599-08-8468
9402,B07CMBB6PH,790-99-3981
8865,B07CT4JC7J,215-57-9209
2222,B07CZR8YV4,256-32-3215
3300,B07D42T6MB,817-88-1583
3723,B07D6TQP6F,864-07-3574
4286,B07D9TTLZG,789-73-0575
7326,B07DCB61LG,600-97-3730
3872,B07DD71K4D,340-42-7669
4428,B07DDD8PNQ,716-56-4315
1218,B07DF9R73K,884-02-7172
8768,B07DP4X68W,544-16-0705
3649,B07DXCGD56,229-03-2504
3846,B07DZMB1ZK,263-86-9105
1155,B07F2PWRZR,271-95-7646
3205,B07F3YGL26,162-24-7451
7037,B07FBQT1S5,431-77-7503
6259,B07FKD3H9Q,148-43-3925
3007,B07FKWT3JP,365-58-5916
1670,B07FM9913M,683-21-8564
6569,B07FMD7MRX,208-28-0969
6246,B07FSD86KD,281-81-4250
7420,B07FXRR28W,350-48-3082
3967,B07FXYRG46,727-74-0099
1150,B07FZH9BGV,882-28-8183
7863,B07G3RDDXT,660-09-3635
2365,B07G7FG26S,878-05-3312
2141,B07G7N1MD2,604-80-8038
9671,B07G7QZKBG,719-51-5566
7616,B07G8KK4XQ,710-14-4044
9471,B07G8VPHG3,295-80-4396
7057,B07G9PVX51,445-49-7486
1983,B07GCBWWPL,122-47-8303
6313,B07GDW2634,649-82-8657
1604,B07GDW4N5C,850-35-7495
8885,B07GGGTT78,557-10-9728
7858,B07GL4WGSF,740-59-8646
8229,B07GL6W1NR,550-29-8798
6323,B07GNHMZ3N,352-38-1409
8629,B07GPNGWNK,701-53-9295
7379,B07GV9J7X8,735-16-5901
9833,B07GVLKNB4,451-37-3578
5291,B07GVNHQV4,818-51-9856
1098,B07GW1DXFP,308-75-9908
4580,B07GWFMLT8,166-55-8306
8980,B07GWV23X7,346-07-4930
6635,B07GX1DBD9,640-80-9522
8286,B07GY16KMK,146-75-3974
3376,B07GYK8MBD,464-46-6639
2770,B07H41NB46,797-27-4970
9023,B07H445L82,480-21-8963
5172,B07H6V8TB9,806-02-1949
9270,B07H7SBBWQ,596-34-9452
6964,B07H8Q3C9T,897-60-6662
2334,B07H8QMZWV,364-29-2963
9322,B07H8SBLBC,566-06-0163
1210,B07HC3CSMR,341-60-2027
4589,B07HC74RMG,236-53-0581
7152,B07HCQ8VDQ,526-66-6011
3805,B07HD3QC65,207-90-1582
1966,B07HFHX6HX,509-97-5942
1025,B07HFKWDK7,879-54-3991
9220,B07HHRF89L,134-49-5498
3910,B07HK4JNV1,679-95-2974
7434,B07HKPMFZ5,689-72-6071
5302,B07HKQ61NV,294-47-1048
7776,B07HKQJ6H1,139-20-1637
7873,B07HMC84L1,213-60-2720
7855,B07HQTWQVT,358-59-8922
5084,B07HXHPNKH,563-87-8831
2543,B07J2Q68N4,590-53-6457
9646,B07J4YLV46,198-56-2012
9384,B07J4Z9647,248-21-8273
1243,B07J5GH52Q,257-76-2266
2530,B07J5VTRX6,222-40-3441
9873,B07J62YCWB,576-23-3240
8790,B07JB4W3L6,799-34-0453
2776,B07JHXX5YR,853-38-8279
1575,B07JLF13KV,105-31-2872
4033,B07JML1XPT,713-09-1506
3160,B07JMPGNHK,724-08-1763
6539,B07JNKYBZ4,848-68-4181
3372,B07JQXJ3JK,678-82-2526
8526,B07JVDQP47,313-33-3281
1864,B07JYRK4HX,698-57-7040
8657,B07JZRFHTP,348-49-7778
9008,B07JZRL7N5,410-47-4113
7933,B07K1M36CM,831-29-9719
5680,B07K2FZYKV,549-22-0926
1034,B07K3X5JTP,176-32-6604
3293,B07K4TRTDV,315-84-9777
1333,B07K4V3364,625-05-6786
2658,B07K64PTLP,434-61-1702
3007,B07K76LBLZ,109-52-1407
1476,B07KB6S8YP,849-85-8069
3153,B07KCQHWTN,431-22-8110
1710,B07KFNRQ5S,726-01-9201
3926,B07KJHCQCV,475-87-5678
3240,B07KJM21TB,147-26-6041
2290,B07KKL5KGG,313-79-8660
5603,B07KQFRLDV,311-76-8308
8333,B07KSFL2K5,165-17-5137
2870,B07KX1L519,545-44-6749
6214,B07L543G3M,110-13-7595
3656,B07L5T18L5,263-21-9559
2146,B07L6RCH5W,298-14-9267
3508,B07L78G3D2,457-77-1330
3533,B07L8FP7RH,876-16-2787
6300,B07LBPP4J9,817-43-7655
8197,B07LDS3WDR,273-14-7231
7255,B07M94R4GF,256-60-1041
3556,B07MF3JM4T,385-72-7910
7045,B07MF3Y8Y5,555-39-3409
3944,B07MGKGHGP,546-59-0691
2960,B07MN8QTK1,164-80-8678
5603,B07MNZWW37,789-81-3376
2978,B07MY7XPNZ,323-03-9240
8741,B07MZ2TRTC,185-85-2345
3488,B07N11SM58,573-22-6549
9768,B07N4M412B,891-89-0556
1349,B07N6MRRKH,894-82-1878
5480,B07N6N7JP3,108-43-3176
5045,B07N7SC1HK,808-77-5838
2344,B07N91S9MW,161-53-9771
6120,B07N9LN3RC,897-01-5654
8859,B07N9M9FX4,802-04-3753
1427,B07NC3N3Z8,880-85-6593
9595,B07ND4ZN2X,843-30-9370
4004,B07NGDHMKL,848-51-5278
1889,B07NLHLC88,506-40-5147
5059,B07NLMCDN4,766-37-7476
9608,B07NP2Y82Q,665-21-5499
3593,B07NP6R2RG,132-10-2946
5419,B07NPRQYP1,885-48-4859
8929,B07NQNK5F4,420-61-1208
9830,B07NQR37VR,407-98-4448
5999,B07NRCRFVJ,455-01-8503
9915,B07NVWSTHP,630-84-1886
3302,B07NWKP41X,397-22-7343
3913,B07NWM7V9M,828-70-1838
9071,B07NY3D1NM,876-53-0598
4145,B07NYBD9DW,178-38-4848
9139,B07NYBSX9V,403-58-3236
5620,B07NZVM3RN,327-35-1745
3140,B07NZX5BKH,453-97-7767
3347,B07NZXXZB2,837-20-6081
8998,B07P2H2GZ8,638-61-2670
8314,B07P6RLBT7,778-25-5244
9045,B07P6Y8L3F,898-58-2224
2226,B07P8MQHSH,388-36-9149
9980,B07PB3WV54,708-33-4014
2884,B07PB5BXMZ,675-34-3520
9068,B07PB77Z4J,192-37-7603
3280,B07PHFW8LV,814-82-9027
9534,B07PHQ7FBP,794-91-7301
9082,B07PKVLDHP,227-88-6557
2016,B07PQSYGKB,347-71-7484
7717,B07PR1Z2BF,452-39-8359
2756,B07PRSPD3Q,497-96-5153
4356,B07PSHDTFN,396-10-6852
5081,B07PV7LN4X,573-41-2556
2102,B07PW9XW1G,628-58-3153
1574,B07PXV5GXJ,673-82-0535
8820,B07PY52GVP,324-81-7261
2636,B07PZZLR4D,481-92-9819
2236,B07Q26V49K,671-49-8074
4598,B07Q2WPMNB,311-72-3390
5444,B07Q2X19LG,121-97-1579
3657,B07Q3T41M4,673-41-5361
9967,B07Q6VQ147,547-68-8122
7480,B07Q6ZNJNT,382-57-3773
1707,B07Q6ZZ4S1,478-45-3592
1945,B07Q84DPZH,312-24-9100
1574,B07Q88NYCW,269-88-3076
8411,B07Q8BY2Q8,852-68-9525
2587,B07QB8QYYZ,542-80-6085
1783,B07QB9HMLF,540-01-1102
1122,B07QBJZ34C,634-24-2449
9813,B07QC4R451,515-85-4019
4159,B07QCCW5KB,669-34-5733
4513,B07QCQ9JRH,421-59-5510
2840,B07QCXPP71,746-35-8155
2758,B07QD67Z1Y,515-89-9313
9292,B07QFS3L4G,367-69-0207
7851,B07QGG4654,519-94-7385
8512,B07QJ7S66P,351-19-7170
7658,B07QK32C8M,539-55-4846
7971,B07QKPPM6X,461-89-2577
5695,B07QP7WZ1T,764-21-8453
1640,B07QP9CSFT,145-37-5144
9130,B07QP9R469,182-95-7993
9608,B07QP9ZMQH,306-91-5827
2842,B07QPTGJP5,132-96-6308
3662,B07QQYHSR5,144-67-8956
7711,B07QTLB1D9,569-39-9534
5361,B07QWNFKFF,119-50-2166
5777,B07QY39QBP,344-10-2691
4416,B07QZH7KB9,673-86-2541
1410,B07R4PP7FF,760-13-0412
8626,B07R57VRJ7,694-22-5861
7014,B07R5ZYR77,599-08-8468
5013,B07R7DY911,790-99-3981
3657,B07RB78W37,215-57-9209
5303,B07RCXCPV5,256-32-3215
5244,B07RDMLR4V,817-88-1583
5299,B07RFCVTK1,864-07-3574
6784,B07RG85WY6,789-73-0575
4468,B07RJ16QXJ,600-97-3730
3931,B07RJZH9N2,340-42-7669
6632,B07RKYQSRB,716-56-4315
6481,B07RL93F7T,884-02-7172
1916,B07RM6QYWC,544-16-0705
4950,B07RSSVMH8,229-03-2504
2204,B07RSYRG3R,263-86-9105
9215,B07RT1X4FJ,271-95-7646
8568,B07RWFC6NY,162-24-7451
9723,B07RZ8QFV1,431-77-7503
2412,B07S41W46Y,148-43-3925
7846,B07S4755CM,365-58-5916
2051,B07S95SLP6,683-21-8564
8530,B07SB1S9TL,208-28-0969
6906,B07SBJPYLW,281-81-4250
4839,B07SCJNSRT,350-48-3082
4038,B07SD888PR,727-74-0099
6355,B07SFZ88SY,882-28-8183
1599,B07SMBJX7X,660-09-3635
6400,B07SQB46KY,878-05-3312
6370,B07SRD34FJ,604-80-8038
6923,B07SRD6SVX,719-51-5566
9410,B07SS3KS2L,710-14-4044
7764,B07SSCV7SS,295-80-4396
8876,B07STDQDKF,445-49-7486
7133,B07STFZQ9Y,122-47-8303
5911,B07SVFGKCJ,649-82-8657
1963,B07SVFJ3P5,850-35-7495
9104,B07SVPKTYK,557-10-9728
3985,B07SWFLKYW,740-59-8646
3229,B07T3KMJW8,550-29-8798
4127,B07T6JXP9J,352-38-1409
8161,B07T7MM64L,701-53-9295
1622,B07T9G946J,735-16-5901
6062,B07TB7DJ2J,451-37-3578
9391,B07TD6F34D,818-51-9856
5614,B07TDC7BKR,308-75-9908
7564,B07TDMZ849,166-55-8306
4687,B07TDNCVW2,346-07-4930
1638,B07TKQ8QYW,640-80-9522
6289,B07TVW6QY5,146-75-3974
3660,B07TYW7CSS,464-46-6639
1649,B07V3TL48P,797-27-4970
2528,B07V5KS95Y,480-21-8963
3338,B07V5NSD8N,806-02-1949
3406,B07VB9MMMW,596-34-9452
4718,B07VD3JH2C,897-60-6662
1551,B07VFPMT2Q,364-29-2963
2824,B07VGTHTGN,566-06-0163
4243,B07VGTS8MJ,341-60-2027
1654,B07VHRFGV2,236-53-0581
5075,B07VPMYXST,526-66-6011
4475,B07VPXDV59,207-90-1582
2445,B07VYP6VLS,509-97-5942
5092,B07VZL1W7K,879-54-3991
6991,B07VZL3L5V,134-49-5498
9792,B07W14HFQP,679-95-2974
3773,B07W166JW7,689-72-6071
7346,B07W7VBHRC,294-47-1048
8392,B07WCCNV2D,139-20-1637
5996,B07WGR47L9,213-60-2720
4902,B07WHKYDV3,358-59-8922
2668,B07WJJFKYW,563-87-8831
6436,B07WKSVF6X,590-53-6457
7510,B07WNSK9C1,198-56-2012
1782,B07WP6ZLL8,248-21-8273
7472,B07WSJYDXX,257-76-2266
3958,B07WSXH2W2,222-40-3441
4745,B07WVRJQ7V,576-23-3240
6212,B07WW25BSV,799-34-0453
4341,B07WXKWDT2,853-38-8279
6206,B07X5RRZFP,105-31-2872
4304,B07X5SHN81,713-09-1506
1556,B07X5VF1FM,724-08-1763
8583,B07XF928ZP,848-68-4181
5258,B07XJ5RSX3,678-82-2526
2595,B07XQJ33PL,313-33-3281
4285,B07XVMYN2N,698-57-7040
3064,B07XVNDQMR,348-49-7778
5677,B07XVS6NQH,410-47-4113
4609,B07XVZXR5Y,831-29-9719
1592,B07XW28MHX,549-22-0926
1637,B07XWVPRWZ,176-32-6604
4619,B07XZJG7V9,315-84-9777
5432,B07XZMGC3J,625-05-6786
2060,B07Y336C8S,434-61-1702
8383,B07Y4YJ98Z,109-52-1407
8154,B07Y8Q17N9,849-85-8069
6718,B07Y8XK9GC,431-22-8110
3882,B07Y8YWTFL,726-01-9201
5536,B07YBHNTSK,475-87-5678
4840,B07YBVZ2PW,147-26-6041
1205,B07YF4PB4R,313-79-8660
8558,B07YJHXZT6,311-76-8308
5616,B07YMNLXL3,165-17-5137
5993,B07YN4TPDW,545-44-6749
2704,B07YQ58NPF,110-13-7595
3701,B07YSSGS7C,263-21-9559
2052,B07YVGVQKL,298-14-9267
6558,B07YVH6QRT,457-77-1330
3455,B07YZLRS3Z,876-16-2787
6961,B07YZS1PBD,817-43-7655
7824,B07YZS6QT3,273-14-7231
6432,B07Z3XZDT5,256-60-1041
4718,B07Z41LHPB,385-72-7910
2435,B07Z8BL2VW,555-39-3409
5625,B07ZDJ6V5S,546-59-0691
5694,B07ZDJCL76,164-80-8678
3124,B07ZG6W4S2,789-81-3376
6409,B07ZGHYFZ4,323-03-9240
3598,B07ZHPCJW3,185-85-2345
9546,B07ZP9ZWFM,573-22-6549
4868,B07ZPJBN55,891-89-0556
8627,B07ZPKBL9V,894-82-1878
3908,B07ZPKZSSC,108-43-3176
2941,B07ZQSGP53,808-77-5838
7632,B081H6STQQ,161-53-9771
5433,B081TJFVCJ,897-01-5654
7384,B0825BB7SG,802-04-3753
5639,82567,880-85-6593
1117,22946,843-30-9370
7502,85087,848-51-5278
9896,21789,506-40-5147
1243,22195,766-37-7476
3379,22179,665-21-5499
4921,22965,132-10-2946
6032,22626,885-48-4859
7840,23241,420-61-1208
8511,21122,407-98-4448
8608,22812,455-01-8503
6083,22866,630-84-1886
7346,85032A,397-22-7343
4346,84929,828-70-1838
8488,23083,876-53-0598
4530,21471,178-38-4848
1232,22982,403-58-3236
6706,72741,327-35-1745
9333,21473,453-97-7767
6658,22617,837-20-6081
2407,82582,638-61-2670
9740,22562,778-25-5244
4903,23546,898-58-2224
5667,23254,388-36-9149
4639,22060,708-33-4014
2524,23510,675-34-3520
6082,23223,192-37-7603
8576,71459,814-82-9027
9290,23478,794-91-7301
9122,21945,227-88-6557
7336,22696,347-71-7484
2615,23344,452-39-8359
3404,85172,497-96-5153
6818,21114,396-10-6852
6010,22169,573-41-2556
3096,22470,628-58-3153
6010,22326,673-82-0535
3598,21558,324-81-7261
9055,35923,481-92-9819
9387,23355,671-49-8074
9838,23237,311-72-3390
1753,20724,121-97-1579
7767,22393,673-41-5361
9843,21232,547-68-8122
2199,22952,382-57-3773
5522,22754,478-45-3592
1159,48187,312-24-9100
2662,21623,269-88-3076
5816,22947,852-68-9525
1604,22969,542-80-6085
2290,84988,540-01-1102
5638,10125,634-24-2449
5839,20758,515-85-4019
8063,23007,669-34-5733
9633,22798,421-59-5510
1808,22487,746-35-8155
2699,22600,515-89-9313
6389,23053,367-69-0207
1803,23210,519-94-7385
8707,21931,351-19-7170
5245,23188,539-55-4846
8932,22835,461-89-2577
7059,22294,764-21-8453
9098,85049E,145-37-5144
8907,22751,182-95-7993
9252,22891,306-91-5827
9090,23294,132-96-6308
3351,22994,144-67-8956
3295,84596B,569-39-9534
8962,21902,119-50-2166
3248,21121,344-10-2691
7914,22950,673-86-2541
4777,23110,760-13-0412
3645,21479,694-22-5861
3386,22300,599-08-8468
2098,20970,790-99-3981
2026,22422,215-57-9209
3027,23065,256-32-3215
8978,17136A,817-88-1583
5758,21875,864-07-3574
5400,48184,789-73-0575
1114,22964,600-97-3730
9859,22568,340-42-7669
9905,22727,716-56-4315
9753,22381,884-02-7172
9621,20713,544-16-0705
4213,23035,229-03-2504
2711,23170,263-86-9105
2993,23102,271-95-7646
8024,22274,162-24-7451
6664,22578,431-77-7503
1699,20982,148-43-3925
4444,23029,365-58-5916
1116,20981,683-21-8564
6492,21877,208-28-0969
7228,35961,281-81-4250
7549,22834,350-48-3082
6740,21916,727-74-0099
6876,22563,882-28-8183
8960,22957,660-09-3635
2910,23293,878-05-3312
8197,21914,604-80-8038
7226,21620,719-51-5566
1033,21187,710-14-4044
2289,22592,295-80-4396
2415,85150,445-49-7486
8626,23208,122-47-8303
1719,23076,649-82-8657
2664,22579,850-35-7495
5132,23085,557-10-9728
8600,22191,740-59-8646
9486,23168,550-29-8798
6550,22795,352-38-1409
5649,85136C,701-53-9295
9618,21215,735-16-5901
6464,23253,451-37-3578
1147,72127,818-51-9856
6404,81952B,308-75-9908
3591,23194,166-55-8306
2629,21880,346-07-4930
7915,22413,640-80-9522
3526,21430,146-75-3974
5003,21281,464-46-6639
4920,21194,797-27-4970
8976,22893,480-21-8963
8229,22533,806-02-1949
7845,23379,596-34-9452
1653,22414,897-60-6662
9120,23286,364-29-2963
7346,23494,566-06-0163
7426,23340,341-60-2027
9794,22972,236-53-0581
6000,23050,526-66-6011
8928,21399,207-90-1582
9793,16161U,509-97-5942
3356,22721,879-54-3991
1615,22576,134-49-5498
4549,22473,679-95-2974
2527,21669,689-72-6071
1820,22725,294-47-1048
8632,22101,139-20-1637
2660,22900,213-60-2720
9081,23006,358-59-8922
9956,21864,563-87-8831
2325,84865,590-53-6457
6865,21014,198-56-2012
5451,22522,248-21-8273
5151,22328,257-76-2266
3745,22841,222-40-3441
3654,22845,576-23-3240
7899,22418,799-34-0453
4825,22962,853-38-8279
4942,84991,105-31-2872
7199,22840,713-09-1506
5168,22505,724-08-1763
7540,46000S,848-68-4181
2272,20669,678-82-2526
3998,22961,313-33-3281
6948,22112,698-57-7040
7059,23074,348-49-7778
9066,90087,410-47-4113
8278,22632,831-29-9719
6235,22693,549-22-0926
7384,23343,176-32-6604
3959,22173,315-84-9777
6327,22923,625-05-6786
6670,72800B,434-61-1702
6251,23583,109-52-1407
9072,21625,849-85-8069
9236,21071,431-22-8110
1645,21470,726-01-9201
2028,23211,475-87-5678
1249,22767,147-26-6041
5097,22555,313-79-8660
3483,22284,311-76-8308
1544,22775,165-17-5137
3450,20725,545-44-6749
6142,84974,110-13-7595
3548,22749,263-21-9559
5403,21828,298-14-9267
7732,21135,457-77-1330
8867,22114,876-16-2787
9578,21967,817-43-7655
8704,85078,273-14-7231
4029,21927,256-60-1041
3130,23147,385-72-7910
9546,22420,555-39-3409
2938,23465,546-59-0691
5293,22221,164-80-8678
7618,84997C,789-81-3376
9147,22595,323-03-9240
6277,23476,185-85-2345
1441,22407,573-22-6549
6479,21678,891-89-0556
4593,22746,894-82-1878
9973,47504H,108-43-3176
4776,22224,808-77-5838
3886,21704,161-53-9771
4445,22303,897-01-5654
4125,23318,802-04-3753
5608,22671,880-85-6593
8809,20886,843-30-9370
7684,22467,848-51-5278
9269,21210,506-40-5147
4185,84970S,766-37-7476
5358,23122,665-21-5499
6442,21163,132-10-2946
6574,82494L,885-48-4859
3205,23368,420-61-1208
8736,84950,407-98-4448
4304,22321,455-01-8503
5570,85048,630-84-1886
8835,48129,397-22-7343
7689,22620,828-70-1838
7361,22714,876-53-0598
8823,22906,178-38-4848
5336,22030,403-58-3236
2942,21108,327-35-1745
5354,21981,453-97-7767
8332,22863,837-20-6081
9513,22731,638-61-2670
4972,22434,778-25-5244
6859,85053,898-58-2224
7812,40003,388-36-9149
7170,21155,708-33-4014
6045,22278,675-34-3520
7741,85014B,192-37-7603
9355,22024,814-82-9027
6431,82552,794-91-7301
5977,85049G,227-88-6557
8297,23338,347-71-7484
2037,23396,452-39-8359
4023,23108,497-96-5153
9330,84820,396-10-6852
2213,22496,573-41-2556
9840,22113,628-58-3153
8794,22534,673-82-0535
7692,22668,324-81-7261
7830,17084N,481-92-9819
3060,22558,671-49-8074
4110,22652,311-72-3390
5623,23171,121-97-1579
8757,84661B,673-41-5361
7361,23092,547-68-8122
2791,22646,382-57-3773
6968,22925,478-45-3592
1223,15039,312-24-9100
7531,22633,269-88-3076
5949,21164,852-68-9525
9015,21519,542-80-6085
5437,22424,540-01-1102
3845,22824,634-24-2449
7103,22941,515-85-4019
5778,21985,669-34-5733
3859,22732,421-59-5510
4103,15060B,746-35-8155
6389,20985,515-89-9313
4713,21563,367-69-0207
4982,23525,519-94-7385
8120,23353,351-19-7170
8200,22692,539-55-4846
8114,22859,461-89-2577
4523,17038,764-21-8453
7047,21992,145-37-5144
3378,84823,182-95-7993
1373,22525,306-91-5827
7105,21162,132-96-6308
9462,22851,144-67-8956
7255,22320,569-39-9534
8886,22583,119-50-2166
4307,23054,344-10-2691
1100,22959,673-86-2541
5335,22711,760-13-0412
1917,17003,694-22-5861
4052,22426,599-08-8468
8886,22426,790-99-3981
2947,22426,215-57-9209
7960,22426,256-32-3215
3879,22279,817-88-1583
3436,84685,864-07-3574
6487,21672,789-73-0575
9105,22927,600-97-3730
9487,21993,340-42-7669
8381,23109,716-56-4315
6643,17164B,884-02-7172
2646,22554,544-16-0705
9089,21400,229-03-2504
9658,22963,263-86-9105
5906,21332,271-95-7646
6139,84050,162-24-7451
2916,84050,431-77-7503
3733,84050,148-43-3925
7364,84050,365-58-5916
7402,84050,683-21-8564
9864,84050,208-28-0969
9039,84050,281-81-4250
9776,84050,350-48-3082
5873,84050,727-74-0099
9701,84050,882-28-8183
7085,84050,660-09-3635
9635,84050,878-05-3312
5688,84050,604-80-8038
5941,84050,719-51-5566
8272,23328,710-14-4044
7809,21136,295-80-4396
6913,22494,445-49-7486
8928,21497,122-47-8303
9351,23335,649-82-8657
1100,22403,850-35-7495
6475,21930,557-10-9728
6375,22596,740-59-8646
3469,22561,550-29-8798
5341,21189,352-38-1409
4808,22917,701-53-9295
3681,84949,735-16-5901
6582,84509G,451-37-3578
4964,84279P,818-51-9856
8728,21015,308-75-9908
6059,22794,166-55-8306
8322,21633,346-07-4930
6355,84997D,640-80-9522
6092,84997D,146-75-3974
1826,84997D,464-46-6639
3774,84997D,797-27-4970
5995,84997D,480-21-8963
6192,84997D,806-02-1949
8419,84997D,596-34-9452
6254,84997D,897-60-6662
3803,84997D,364-29-2963
1178,84997D,566-06-0163
3735,21843,341-60-2027
5057,22699,236-53-0581
1400,23265,526-66-6011
7427,84997A,207-90-1582
2734,72586,509-97-5942
2699,21670,879-54-3991
3093,22904,134-49-5498
2478,85032B,679-95-2974
2074,85032B,689-72-6071
3463,85032B,294-47-1048
2468,85032B,139-20-1637
6954,85032B,213-60-2720
5404,85032B,358-59-8922
5196,84978,563-87-8831
2048,47503H,590-53-6457
5633,20983,198-56-2012
1113,21892,248-21-8273
8697,84596G,257-76-2266
2900,22405,222-40-3441
7559,22567,576-23-3240
8949,22045,799-34-0453
1028,85194L,853-38-8279
6932,22199,105-31-2872
2984,20719,713-09-1506
1827,23490,724-08-1763
6864,23490,848-68-4181
2271,23490,678-82-2526
6290,23490,313-33-3281
3499,23490,698-57-7040
9909,23490,348-49-7778
6693,23490,410-47-4113
9006,23490,831-29-9719
4873,23490,549-22-0926
3201,23490,176-32-6604
5713,84836,315-84-9777
2754,21991,625-05-6786
8897,22428,434-61-1702
1295,22064,109-52-1407
5449,23052,849-85-8069
4437,22818,431-22-8110
7014,35004B,726-01-9201
2128,23012,475-87-5678
2459,47585A,147-26-6041
2191,21448,313-79-8660
7143,72225C,311-76-8308
4101,72225C,165-17-5137
2369,72225C,545-44-6749
2671,20956,110-13-7595
5784,21564,263-21-9559
1202,21564,298-14-9267
2995,21564,457-77-1330
4723,21564,876-16-2787
9876,21564,817-43-7655
6390,21564,273-14-7231
2752,21564,256-60-1041
3250,21564,385-72-7910
3242,21564,555-39-3409
6982,21564,546-59-0691
9537,21900,164-80-8678
9249,22653,789-81-3376
8962,23320,323-03-9240
4353,22581,185-85-2345
4301,23256,573-22-6549
3649,20934,891-89-0556
6246,21507,894-82-1878
9206,85036C,108-43-3176
7803,85036C,808-77-5838
3559,85036C,161-53-9771
2349,85036C,897-01-5654
9294,85036C,802-04-3753
1158,85036C,880-85-6593
5352,85036C,843-30-9370
4426,21918,848-51-5278
3315,21891,506-40-5147
8141,85199L,766-37-7476
7509,22093,665-21-5499
1157,21198,132-10-2946
5937,23298,885-48-4859
8137,21213,420-61-1208
1978,21100,407-98-4448
7643,22233,455-01-8503
4910,22396,630-84-1886
2379,22432,397-22-7343
3996,21372,828-70-1838
2337,22325,876-53-0598
6238,23323,178-38-4848
6538,23323,403-58-3236
3575,23323,327-35-1745
1188,23323,453-97-7767
1518,23323,837-20-6081
5194,23323,638-61-2670
2449,23323,778-25-5244
8733,22277,898-58-2224
8230,84944,388-36-9149
8182,23438,708-33-4014
8825,21773,675-34-3520
4652,23470,192-37-7603
8009,85054,814-82-9027
6810,23235,794-91-7301
7457,22587,227-88-6557
9287,20735,347-71-7484
3948,22236,452-39-8359
5264,37413,497-96-5153
9916,82581,396-10-6852
2353,23284,573-41-2556
4337,23284,628-58-3153
1121,23284,673-82-0535
9263,23284,324-81-7261
5200,23284,481-92-9819
7286,23284,671-49-8074
3343,23284,311-72-3390
8277,23284,121-97-1579
8307,23284,673-41-5361
4311,23284,547-68-8122
1475,23284,382-57-3773
9764,23284,478-45-3592
5237,35598B,312-24-9100
8415,21531,269-88-3076
4249,23566,852-68-9525
5737,21239,542-80-6085
3863,21239,540-01-1102
2960,21239,634-24-2449
1021,21239,515-85-4019
1342,21239,669-34-5733
9680,21239,421-59-5510
9230,21239,746-35-8155
2578,22956,515-89-9313
5905,22722,367-69-0207
7142,21871,519-94-7385
7177,21527,351-19-7170
6492,22171,539-55-4846
6292,22796,461-89-2577
3002,23197,764-21-8453
1627,22944,145-37-5144
8960,22610,182-95-7993
1026,85014A,306-91-5827
6417,85014A,132-96-6308
8246,85014A,144-67-8956
6378,85014A,569-39-9534
7497,85014A,119-50-2166
5446,85014A,344-10-2691
9043,85014A,673-86-2541
7382,85014A,760-13-0412
3566,85014A,694-22-5861
4080,85014A,599-08-8468
7891,85014A,790-99-3981
5339,22729,215-57-9209
1448,23371,256-32-3215
7614,20796,817-88-1583
3532,84509C,864-07-3574
8251,72232,789-73-0575
3582,72232,600-97-3730
9081,72232,340-42-7669
7126,72232,716-56-4315
5033,22553,884-02-7172
5681,22553,544-16-0705
7163,22553,229-03-2504
6423,22553,263-86-9105
4023,22553,271-95-7646
1673,22553,162-24-7451
9819,23002,431-77-7503
8766,23111,148-43-3925
2433,84519A,365-58-5916
5977,23369,683-21-8564
4498,85227,208-28-0969
1325,21944,281-81-4250
5644,22170,350-48-3082
3938,22027,727-74-0099
1835,23232,882-28-8183
3832,23101,660-09-3635
1867,23695,878-05-3312
4696,22262,604-80-8038
3250,22174,719-51-5566
6969,84971S,710-14-4044
4523,84971S,295-80-4396
9891,84971S,445-49-7486
2530,84971S,122-47-8303
9894,84971S,649-82-8657
4313,84971S,850-35-7495
5069,84971S,557-10-9728
9698,22489,740-59-8646
4125,85203,550-29-8798
2626,72351A,352-38-1409
4761,62097B,701-53-9295
6199,22081,735-16-5901
8958,23191,451-37-3578
6756,22967,818-51-9856
7836,48187,308-75-9908
7085,21382,166-55-8306
4450,21382,346-07-4930
4398,21382,640-80-9522
3038,84763,146-75-3974
1833,23374,464-46-6639
2458,21528,797-27-4970
4147,22627,480-21-8963
5662,20718,806-02-1949
6346,22342,596-34-9452
8139,21624,897-60-6662
6086,22456,364-29-2963
8857,21485,566-06-0163
7528,21123,341-60-2027
4794,47480,236-53-0581
4781,47480,526-66-6011
5418,47480,207-90-1582
5314,47480,509-97-5942
4842,47480,879-54-3991
9536,47480,134-49-5498
9941,47480,679-95-2974
4775,21367,689-72-6071
4435,21668,294-47-1048
2964,21367,139-20-1637
9428,84968D,213-60-2720
